date,market,개인,외국인,기관,연기금
2024-07-08,KOSDAQ,-366.68,791.78,-489.61,70.27
2024-07-08,KOSPI,-1875.03,5297.87,-3470.81,-475.35
2024-07-09,KOSDAQ,1723.06,-616.04,-1066.77,125.31
2024-07-09,KOSPI,-2968.7,3270.42,-285.47,-653.84
2024-07-10,KOSDAQ,1704.5,-513.79,-992.38,-216.6
2024-07-10,KOSPI,-2793.38,5274.96,137.66,-719.42
2024-07-11,KOSDAQ,1949.85,-46.75,-1659.82,-209.85
2024-07-11,KOSPI,-3476.41,6098.57,-848.58,-240.89
2024-07-12,KOSDAQ,-180.19,850.92,-544.59,14.97
2024-07-12,KOSPI,4729.27,-5510.52,842.29,-159.6
2024-07-15,KOSDAQ,-766.34,1082.69,-160.16,-275.0
2024-07-15,KOSPI,-366.91,-774.21,1257.44,-725.65
2024-07-16,KOSDAQ,1616.51,-900.68,-602.93,-314.48
2024-07-16,KOSPI,-2903.47,1896.04,961.7,-517.41
2024-07-17,KOSDAQ,542.94,-221.2,-289.29,-538.09
2024-07-17,KOSPI,1036.54,-2542.34,1420.05,-1969.91
2024-07-18,KOSDAQ,53.66,822.91,-743.84,-246.29
2024-07-18,KOSPI,3688.63,-3490.71,130.01,-854.07
2024-07-19,KOSDAQ,-225.43,-311.77,649.84,96.03
2024-07-19,KOSPI,7848.2,-4228.92,-3638.89,-1082.66
2024-07-22,KOSDAQ,2591.78,-1808.78,-868.93,-353.87
2024-07-22,KOSPI,1414.06,-844.6,-237.91,-935.65
2024-07-23,KOSDAQ,-1806.82,1222.36,557.53,-104.9
2024-07-23,KOSPI,-1990.31,2501.72,-245.56,136.83
2024-07-24,KOSDAQ,459.89,-320.46,208.46,126.61
2024-07-24,KOSPI,2345.07,-2653.79,409.84,-126.86
2024-07-25,KOSDAQ,958.9,-1395.22,505.5,-365.9
2024-07-25,KOSPI,8266.8,-6785.23,-1529.36,-215.67
2024-07-26,KOSDAQ,-956.81,421.0,561.86,-86.59
2024-07-26,KOSPI,-3729.77,-474.72,3982.95,51.31
2024-07-29,KOSDAQ,-1451.93,1043.35,462.9,-159.48
2024-07-29,KOSPI,-4846.71,4443.67,767.82,219.75
2024-07-30,KOSDAQ,851.68,-1026.23,344.39,-108.35
2024-07-30,KOSPI,7268.81,-2407.27,-3538.59,-1004.32
2024-07-31,KOSDAQ,478.67,-604.15,109.19,-190.51
2024-07-31,KOSPI,-1771.84,1503.07,483.07,-539.45
2024-08-01,KOSDAQ,-629.02,328.27,312.82,-52.14
2024-08-01,KOSPI,-3005.48,4411.89,-1737.87,251.73
2024-08-02,KOSDAQ,2438.38,-1505.32,-896.62,-385.66
2024-08-02,KOSPI,16214.49,-8448.84,-7807.3,-1094.63
2024-08-05,KOSDAQ,-6788.65,5456.63,1185.95,-59.71
2024-08-05,KOSPI,16944.85,-15198.01,-2692.81,2358.45
2024-08-06,KOSDAQ,-4917.57,3576.92,1251.84,224.23
2024-08-06,KOSPI,4533.91,-1677.09,-3256.15,2372.12
2024-08-07,KOSDAQ,1210.04,-1582.74,369.52,369.0
2024-08-07,KOSPI,2933.64,-174.91,-3064.53,324.27
2024-08-08,KOSDAQ,2444.7,-1987.87,-615.09,-122.38
2024-08-08,KOSPI,7961.75,-5167.34,-2822.52,852.26
2024-08-09,KOSDAQ,-1213.91,507.77,744.7,18.17
2024-08-09,KOSPI,-376.2,17.21,346.69,340.21
2024-08-12,KOSDAQ,1716.42,-1549.66,-156.89,-121.42
2024-08-12,KOSPI,-1967.54,780.96,1469.4,39.61
2024-08-13,KOSDAQ,2405.72,-1741.65,-688.91,-220.29
2024-08-13,KOSPI,-274.34,1318.29,-632.42,-22.49
2024-08-14,KOSDAQ,-806.89,828.09,8.02,51.64
2024-08-14,KOSPI,-3162.48,3901.1,-1143.48,-290.44
2024-08-16,KOSDAQ,-1344.01,1010.17,658.96,258.14
2024-08-16,KOSPI,-14658.07,12054.54,2158.78,-23.58
2024-08-19,KOSDAQ,1393.83,-1129.51,-134.32,-8.5
2024-08-19,KOSPI,1386.78,-1175.5,-155.49,-377.01
2024-08-20,KOSDAQ,-1105.91,1005.33,155.82,176.15
2024-08-20,KOSPI,-2792.41,2890.12,38.46,145.06
2024-08-21,KOSDAQ,3639.09,-3342.8,-46.98,56.81
2024-08-21,KOSPI,-137.73,313.84,-261.19,-641.33
2024-08-22,KOSDAQ,1745.47,-816.54,-746.37,3.67
2024-08-22,KOSPI,-1129.33,661.47,422.6,74.71
2024-08-23,KOSDAQ,-595.48,1126.07,-99.11,145.19
2024-08-23,KOSPI,-1036.62,-2417.99,3453.36,145.1
2024-08-26,KOSDAQ,1567.93,-1067.33,-467.05,-53.32
2024-08-26,KOSPI,986.37,-4648.13,3997.22,317.46
2024-08-27,KOSDAQ,865.04,-10.96,-777.03,-240.25
2024-08-27,KOSPI,-44.0,-4065.54,3700.8,-182.15
2024-08-28,KOSDAQ,628.57,-832.63,161.34,35.94
2024-08-28,KOSPI,548.49,-3396.37,2527.8,-327.67
2024-08-29,KOSDAQ,1775.09,-226.75,-1297.16,-167.09
2024-08-29,KOSPI,6191.57,-4177.84,-2656.66,-280.12
2024-08-30,KOSDAQ,-1852.91,1943.15,34.45,-79.36
2024-08-30,KOSPI,-1152.5,-3806.6,4830.8,641.4
2024-09-02,KOSDAQ,1205.42,-544.64,-550.32,-17.09
2024-09-02,KOSPI,1577.37,2391.57,-4150.83,18.97
2024-09-03,KOSDAQ,1650.05,-580.96,-990.3,-89.46
2024-09-03,KOSPI,5133.65,-2871.15,-2470.57,32.12
2024-09-04,KOSDAQ,1126.61,295.54,-1496.54,-228.84
2024-09-04,KOSPI,16502.29,-9885.79,-7302.11,307.86
2024-09-05,KOSDAQ,346.8,-165.22,-244.05,-240.3
2024-09-05,KOSPI,4651.82,-5899.02,1203.84,523.5
2024-09-06,KOSDAQ,815.42,-851.61,-44.6,-35.33
2024-09-06,KOSPI,1708.07,-2649.23,829.46,8.52
2024-09-09,KOSDAQ,-2005.18,874.24,1111.05,165.78
2024-09-09,KOSPI,4694.05,-5401.76,450.31,357.38
2024-09-10,KOSDAQ,2549.01,-1912.05,-647.5,-135.53
2024-09-10,KOSPI,6850.6,-6653.87,-599.72,370.66
2024-09-11,KOSDAQ,-147.43,342.11,-202.0,93.8
2024-09-11,KOSPI,8906.84,-10283.61,424.95,192.82
2024-09-12,KOSDAQ,-3399.26,2125.77,1252.52,210.21
2024-09-12,KOSPI,-2424.22,2785.26,255.15,-438.19
2024-09-13,KOSDAQ,1331.28,-1297.22,-23.41,81.88
2024-09-13,KOSPI,4036.51,-9596.33,4365.49,710.34
2024-09-19,KOSDAQ,-1902.92,1728.19,257.76,-60.02
2024-09-19,KOSPI,2640.73,-11713.28,8794.88,107.39
2024-09-20,KOSDAQ,-1469.07,1321.52,482.06,49.72
2024-09-20,KOSPI,-2443.83,-326.5,2728.36,140.36
2024-09-23,KOSDAQ,205.06,-352.87,410.78,119.9
2024-09-23,KOSPI,3712.6,-7018.64,3442.81,280.82
2024-09-24,KOSDAQ,-1519.77,960.71,646.26,271.35
2024-09-24,KOSPI,-2100.95,-3789.5,5721.31,64.7
2024-09-25,KOSDAQ,392.09,117.48,-437.83,-40.67
2024-09-25,KOSPI,347.71,-5718.26,5494.59,-463.34
2024-09-26,KOSDAQ,-2641.28,1838.36,1013.71,125.91
2024-09-26,KOSPI,-12634.13,4904.29,8023.56,41.25
2024-09-27,KOSDAQ,1695.73,-766.22,-427.74,-78.69
2024-09-27,KOSPI,1776.11,2654.04,-4312.36,20.58
2024-09-30,KOSDAQ,800.46,-501.45,-255.85,-114.79
2024-09-30,KOSPI,11892.02,-10000.57,-2135.0,-233.76
2024-10-02,KOSDAQ,-216.22,-215.39,429.29,-21.06
2024-10-02,KOSPI,9868.21,-3047.76,-7059.51,-211.91
2024-10-04,KOSDAQ,-1922.18,791.02,1212.45,121.0
2024-10-04,KOSPI,672.07,428.37,-2168.41,-652.44
2024-10-07,KOSDAQ,-830.51,781.82,101.3,48.64
2024-10-07,KOSPI,-1462.28,290.35,856.02,869.04
2024-10-08,KOSDAQ,1011.89,-917.92,-91.35,-227.51
2024-10-08,KOSPI,6977.51,-3766.04,-3497.93,46.81
2024-10-10,KOSDAQ,2032.12,-919.61,-1092.74,-318.66
2024-10-10,KOSPI,1476.63,1606.63,-2955.13,1184.21
2024-10-11,KOSDAQ,-479.38,623.85,91.57,-160.01
2024-10-11,KOSPI,2849.26,-5963.11,2775.15,712.42
2024-10-14,KOSDAQ,1090.65,-505.92,-435.06,-6.41
2024-10-14,KOSPI,-4561.93,904.42,3281.83,897.09
2024-10-15,KOSDAQ,536.84,-249.57,-211.72,-74.79
2024-10-15,KOSPI,-3436.39,2878.09,117.49,711.41
2024-10-16,KOSDAQ,2527.78,-1368.65,-994.61,-209.13
2024-10-16,KOSPI,6535.21,-6574.39,-400.39,1634.45
2024-10-17,KOSDAQ,351.25,32.49,-267.6,-188.76
2024-10-17,KOSPI,1614.65,-4044.49,2007.33,182.01
2024-10-18,KOSDAQ,2476.19,-306.92,-2103.93,-379.83
2024-10-18,KOSPI,3590.49,-4777.84,950.4,356.81
2024-10-21,KOSDAQ,-1500.2,1574.88,146.1,-113.2
2024-10-21,KOSPI,-2683.92,186.9,2683.0,-310.17
2024-10-22,KOSDAQ,3041.43,-1450.61,-1500.93,-102.46
2024-10-22,KOSPI,5672.07,-2807.76,-3073.4,160.07
2024-10-23,KOSDAQ,-964.01,480.88,663.98,-40.79
2024-10-23,KOSPI,-5141.36,2115.88,2990.46,718.54
2024-10-24,KOSDAQ,1758.26,-745.54,-922.96,-25.01
2024-10-24,KOSPI,6253.65,-6041.94,-533.62,-202.76
2024-10-25,KOSDAQ,56.86,266.8,-137.17,-57.98
2024-10-25,KOSPI,2972.88,-3871.87,769.31,-84.85
2024-10-28,KOSDAQ,-1550.18,1785.42,-58.44,-79.83
2024-10-28,KOSPI,-3356.37,-1391.5,4663.3,828.74
2024-10-29,KOSDAQ,39.13,-97.76,10.66,-11.29
2024-10-29,KOSPI,1099.22,-1190.73,177.89,253.14
2024-10-30,KOSDAQ,755.16,-677.33,-127.1,-118.98
2024-10-30,KOSPI,2711.23,-3358.05,418.89,80.36
2024-10-31,KOSDAQ,-1374.5,1557.48,-105.91,-51.77
2024-10-31,KOSPI,5571.33,-8582.74,3315.48,498.72
2024-11-01,KOSDAQ,878.22,-369.76,-502.39,-115.13
2024-11-01,KOSPI,2127.38,-376.28,-1881.03,147.81
2024-11-04,KOSDAQ,-5416.89,3303.83,2071.01,62.53
2024-11-04,KOSPI,-3838.21,284.23,3417.35,1023.52
2024-11-05,KOSDAQ,710.29,-1066.88,435.64,27.17
2024-11-05,KOSPI,3882.57,-1434.62,-2856.79,-289.1
2024-11-06,KOSDAQ,302.85,-609.73,416.0,154.41
2024-11-06,KOSPI,17.44,-1027.09,519.77,763.37
2024-11-07,KOSDAQ,1973.71,-881.04,-940.47,-169.81
2024-11-07,KOSPI,-2376.1,1075.63,1097.75,1788.99
2024-11-08,KOSDAQ,-2743.05,2264.5,581.56,-158.19
2024-11-08,KOSPI,-1118.08,-130.79,1175.05,-64.42
2024-11-11,KOSDAQ,855.15,-847.3,42.69,-20.11
2024-11-11,KOSPI,6764.32,-4821.15,-2379.54,718.6
2024-11-12,KOSDAQ,153.38,-36.87,-69.9,-75.72
2024-11-12,KOSPI,3309.31,-3096.98,-317.75,1648.3
2024-11-13,KOSDAQ,-251.35,-68.62,385.13,30.83
2024-11-13,KOSPI,6511.6,-6281.27,-642.37,257.59
2024-11-14,KOSDAQ,-1252.06,-27.36,1382.65,7.6
2024-11-14,KOSPI,-1142.43,-2320.62,2823.09,1776.49
2024-11-15,KOSDAQ,-2116.86,825.38,1360.35,26.01
2024-11-15,KOSPI,378.85,-613.45,-302.46,1038.31
2024-11-18,KOSDAQ,1579.14,-302.8,-808.72,-195.55
2024-11-18,KOSPI,52.96,-503.32,-170.58,437.84
2024-11-19,KOSDAQ,83.92,-309.75,301.39,77.17
2024-11-19,KOSPI,-1691.27,-3303.36,4581.1,3194.88
2024-11-20,KOSDAQ,828.56,-557.34,-333.24,-32.28
2024-11-20,KOSPI,-910.39,-1836.66,1736.61,1810.01
2024-11-21,KOSDAQ,638.24,-769.91,37.59,-124.76
2024-11-21,KOSPI,-1252.57,-2599.62,2968.23,3006.96
2024-11-22,KOSDAQ,-1521.69,919.22,669.26,126.07
2024-11-22,KOSPI,-5331.87,1161.52,3226.12,825.7
2024-11-25,KOSDAQ,-1964.9,633.62,1250.3,40.76
2024-11-25,KOSPI,-4514.56,-767.74,4531.49,544.86
2024-11-26,KOSDAQ,1930.61,-2066.9,264.34,75.24
2024-11-26,KOSPI,1861.68,-676.0,-2373.58,719.49
2024-11-27,KOSDAQ,-297.97,64.0,486.89,113.84
2024-11-27,KOSPI,-330.35,-3343.97,3004.28,2012.14
2024-11-28,KOSDAQ,718.34,-823.39,266.98,127.98
2024-11-28,KOSPI,797.56,-4913.92,3105.13,856.66
2024-11-29,KOSDAQ,1110.54,-1088.02,103.48,20.77
2024-11-29,KOSPI,5881.53,-7482.9,508.92,101.57
2024-12-02,KOSDAQ,-2095.2,1230.05,765.11,112.24
2024-12-02,KOSPI,-3200.23,-1301.41,3891.55,-80.74
2024-12-03,KOSDAQ,-2213.44,2323.73,-212.91,54.2
2024-12-03,KOSPI,-8337.58,5645.12,2795.74,-3.19
2024-12-04,KOSDAQ,-5.89,-154.31,166.43,37.31
2024-12-04,KOSPI,3398.22,-4079.64,162.33,1119.82
2024-12-05,KOSDAQ,-88.43,-220.92,387.12,273.03
2024-12-05,KOSPI,1636.63,-3164.43,562.1,1574.57
2024-12-06,KOSDAQ,-1746.98,350.42,1416.2,19.27
2024-12-06,KOSPI,-5816.3,-2842.58,8256.06,3445.14
2024-12-09,KOSDAQ,-3112.58,2063.74,1001.88,-85.59
2024-12-09,KOSPI,-8908.88,1048.78,6916.1,2283.29
2024-12-10,KOSDAQ,-4145.04,2915.78,1179.99,15.82
2024-12-10,KOSPI,-4209.79,-1066.74,4595.95,203.41
2024-12-11,KOSDAQ,1033.53,-677.98,-359.06,95.46
2024-12-11,KOSPI,-1227.34,-1412.94,1764.89,-268.2
2024-12-12,KOSDAQ,1430.11,-554.96,-882.02,114.27
2024-12-12,KOSPI,-2519.62,-226.88,1563.07,3877.87
2024-12-13,KOSDAQ,-161.31,61.8,54.51,130.26
2024-12-13,KOSPI,-821.35,-1745.56,1397.94,2608.46
2024-12-16,KOSDAQ,2089.39,-1146.96,-774.26,54.71
2024-12-16,KOSPI,3667.72,-4321.47,1.27,1422.77
2024-12-17,KOSDAQ,1423.31,-1232.39,-93.38,74.67
2024-12-17,KOSPI,4647.12,-7012.42,1566.02,1414.68
2024-12-18,KOSDAQ,150.35,86.69,-62.27,-53.73
2024-12-18,KOSPI,-4683.93,3921.85,1338.72,1003.27
2024-12-19,KOSDAQ,1416.32,-158.02,-1138.14,120.14
2024-12-19,KOSPI,8023.66,-4287.74,-5098.85,1366.42
2024-12-20,KOSDAQ,1405.33,-855.11,-347.08,51.06
2024-12-20,KOSPI,7890.16,-8180.78,-883.17,1869.98
2024-12-23,KOSDAQ,-2332.77,1306.64,1019.34,94.82
2024-12-23,KOSPI,-6836.38,1448.61,4351.72,769.92
2024-12-24,KOSDAQ,-738.79,-60.19,972.54,282.61
2024-12-24,KOSPI,-1068.5,-66.23,239.03,-247.38
2024-12-26,KOSDAQ,-1384.49,-194.1,1604.46,183.45
2024-12-26,KOSPI,-3242.35,198.63,1857.75,-67.62
2024-12-27,KOSDAQ,1604.41,-274.07,-1253.21,136.02
2024-12-27,KOSPI,2256.1,-1715.69,-1159.04,822.51
2024-12-30,KOSDAQ,-2563.41,2388.39,159.3,47.29
2024-12-30,KOSPI,-306.24,-1204.8,557.32,185.63
2025-01-02,KOSDAQ,1064.8,-1305.7,233.18,168.33
2025-01-02,KOSPI,4143.14,-2388.08,-2588.74,91.6
2025-01-03,KOSDAQ,-2220.84,1433.14,734.66,280.48
2025-01-03,KOSPI,-6984.74,2801.12,3204.35,409.92
2025-01-06,KOSDAQ,1602.86,-1553.39,-145.93,211.96
2025-01-06,KOSPI,-5370.26,3662.4,653.52,399.86
2025-01-07,KOSDAQ,1018.05,-57.17,-703.35,-73.92
2025-01-07,KOSPI,-2048.6,1586.56,-422.61,968.55
2025-01-08,KOSDAQ,2510.1,-1239.37,-1307.0,-144.61
2025-01-08,KOSPI,-3854.78,2209.0,1095.81,1385.4
2025-01-09,KOSDAQ,119.75,-213.29,40.26,11.08
2025-01-09,KOSPI,-3270.23,7481.99,-5055.99,252.62
2025-01-10,KOSDAQ,2248.3,-1222.31,-1067.13,-15.24
2025-01-10,KOSPI,3381.09,-15.61,-3975.52,2643.48
2025-01-13,KOSDAQ,991.79,-366.56,-501.06,137.46
2025-01-13,KOSPI,7485.56,-8717.44,259.61,2593.0
2025-01-14,KOSDAQ,-1388.17,779.76,622.48,150.39
2025-01-14,KOSPI,2992.29,-2946.44,-579.85,569.97
2025-01-15,KOSDAQ,1781.94,-1780.2,86.95,64.7
2025-01-15,KOSPI,1231.0,561.39,-2589.95,386.49
2025-01-16,KOSDAQ,-3224.21,2269.88,1011.22,169.79
2025-01-16,KOSPI,-5757.08,6244.35,189.79,756.72
2025-01-17,KOSDAQ,626.25,-770.31,271.44,439.74
2025-01-17,KOSPI,2864.15,-2330.65,-1006.58,1314.4
2025-01-20,KOSDAQ,1070.4,-806.32,-117.32,86.64
2025-01-20,KOSPI,2766.64,-4162.08,664.4,735.73
2025-01-21,KOSDAQ,636.63,-548.36,-94.75,312.33
2025-01-21,KOSPI,534.21,-1731.25,620.4,588.51
2025-01-22,KOSDAQ,-982.72,195.94,667.59,156.59
2025-01-22,KOSPI,-8231.94,3500.02,4208.26,880.94
2025-01-23,KOSDAQ,1316.42,-980.16,-229.6,273.91
2025-01-23,KOSPI,7595.71,-6173.66,-2032.08,1504.07
2025-01-24,KOSDAQ,-872.26,677.52,93.68,151.73
2025-01-24,KOSPI,-3830.03,2751.48,436.24,650.58
2025-01-31,KOSDAQ,-296.48,294.66,38.12,-104.93
2025-01-31,KOSPI,9620.46,-11679.0,2859.14,354.63
2025-02-03,KOSDAQ,2946.33,-1002.11,-1907.63,-119.44
2025-02-03,KOSPI,11220.18,-8688.69,-3704.22,2096.51
2025-02-04,KOSDAQ,-4096.13,3713.09,479.5,192.18
2025-02-04,KOSPI,-2931.75,799.02,1230.62,1387.3
2025-02-05,KOSDAQ,255.6,270.45,-335.19,9.77
2025-02-05,KOSPI,-1929.35,645.37,311.86,907.59
2025-02-06,KOSDAQ,-660.78,74.42,675.47,368.81
2025-02-06,KOSPI,-6059.83,3515.97,1611.76,470.82
2025-02-07,KOSDAQ,790.34,-69.12,-560.19,10.86
2025-02-07,KOSPI,3302.05,-2389.22,-2098.62,1224.28
2025-02-10,KOSDAQ,1352.8,-1077.99,-11.98,335.88
2025-02-10,KOSPI,-699.84,-2786.37,2626.48,1848.42
2025-02-11,KOSDAQ,700.35,-145.47,-308.9,72.25
2025-02-11,KOSPI,-4693.99,1401.54,2436.71,586.71
2025-02-12,KOSDAQ,2214.06,-1209.71,-556.78,4.65
2025-02-12,KOSPI,-1981.87,3729.12,-2217.36,101.6
2025-02-13,KOSDAQ,467.94,259.64,-653.46,-8.66
2025-02-13,KOSPI,-6096.05,-1138.34,6729.8,683.03
2025-02-14,KOSDAQ,-1840.09,1975.87,119.75,105.57
2025-02-14,KOSPI,-652.21,-3217.89,3660.93,1760.09
2025-02-17,KOSDAQ,-203.6,615.36,-302.27,99.3
2025-02-17,KOSPI,-335.7,-2228.35,2430.84,827.84
2025-02-18,KOSDAQ,296.26,-427.73,325.32,238.64
2025-02-18,KOSPI,-1883.7,185.09,1648.48,1209.55
2025-02-19,KOSDAQ,780.49,-796.48,137.28,122.46
2025-02-19,KOSPI,-12186.19,3927.42,7767.37,677.12
2025-02-20,KOSDAQ,3516.46,-2166.34,-1228.25,135.92
2025-02-20,KOSPI,2907.16,-2903.61,-1079.29,808.48
2025-02-21,KOSDAQ,-953.2,1269.04,-60.41,144.55
2025-02-21,KOSPI,27.82,-2180.64,1181.11,743.06
2025-02-24,KOSDAQ,2395.91,-1048.64,-1274.59,-4.34
2025-02-24,KOSPI,1929.01,-2039.79,-925.2,178.2
2025-02-25,KOSDAQ,1297.5,-352.17,-833.4,53.58
2025-02-25,KOSPI,3120.81,-3189.71,-944.27,138.22
2025-02-26,KOSDAQ,1186.42,-710.99,-470.42,-115.74
2025-02-26,KOSPI,-201.24,-3227.58,2403.66,574.05
2025-02-27,KOSDAQ,832.04,-544.11,-263.5,-78.54
2025-02-27,KOSPI,4809.64,-1753.56,-3388.78,458.52
2025-02-28,KOSDAQ,4072.49,-2829.71,-1235.83,-294.56
2025-02-28,KOSPI,20323.83,-15524.45,-6166.87,59.41
2025-03-04,KOSDAQ,-375.27,450.32,-8.51,-173.03
2025-03-04,KOSPI,2043.82,-1896.46,-1473.21,515.26
2025-03-05,KOSDAQ,-623.09,648.51,114.33,42.38
2025-03-05,KOSPI,910.67,-2233.48,478.56,709.07
2025-03-06,KOSDAQ,4407.51,-2123.18,-2172.02,-264.36
2025-03-06,KOSPI,-3693.04,1382.08,1561.45,-5.5
2025-03-07,KOSDAQ,659.42,462.31,-997.64,-283.65
2025-03-07,KOSPI,-1941.2,596.05,278.56,462.86
2025-03-10,KOSDAQ,565.07,-264.43,-416.41,-183.07
2025-03-10,KOSPI,2096.68,-4241.96,1427.5,461.22
2025-03-11,KOSDAQ,485.23,464.65,-871.07,-251.6
2025-03-11,KOSPI,4929.39,-15372.57,-2380.61,-268.85
2025-03-12,KOSDAQ,-127.57,138.47,92.96,170.31
2025-03-12,KOSPI,-5049.58,3789.82,318.67,-306.32
2025-03-13,KOSDAQ,2143.37,-857.04,-1229.71,468.01
2025-03-13,KOSPI,-737.28,-4804.17,4447.74,-465.69
2025-03-14,KOSDAQ,-2703.25,2022.99,762.89,276.13
2025-03-14,KOSPI,2078.53,-2894.0,-205.01,561.16
2025-03-17,KOSDAQ,1194.65,-1160.8,-31.72,113.98
2025-03-17,KOSPI,-11803.54,6152.22,4947.45,289.16
2025-03-18,KOSDAQ,544.37,-375.38,-21.79,88.07
2025-03-18,KOSPI,-6126.01,4407.56,950.14,341.56
2025-03-19,KOSDAQ,2166.87,-1733.01,-197.86,-85.28
2025-03-19,KOSPI,-6743.59,3026.48,2873.28,229.58
2025-03-20,KOSDAQ,929.51,-270.02,-321.07,-59.22
2025-03-20,KOSPI,-7013.04,5486.68,664.32,-29.92
2025-03-21,KOSDAQ,-1668.65,532.36,1167.39,-281.86
2025-03-21,KOSPI,-5378.57,8477.67,-4019.55,133.72
2025-03-24,KOSDAQ,581.32,-320.62,-272.58,-109.38
2025-03-24,KOSPI,-780.73,76.5,-288.15,49.92
2025-03-25,KOSDAQ,842.35,409.83,-1151.58,-300.96
2025-03-25,KOSPI,-642.09,-787.13,690.77,-195.61
2025-03-26,KOSDAQ,-1361.95,640.62,718.13,-67.86
2025-03-26,KOSPI,-6797.67,3503.82,2602.78,155.71
2025-03-27,KOSDAQ,454.09,-217.03,-203.38,-154.94
2025-03-27,KOSPI,1195.83,877.11,-3151.63,-254.6
2025-03-28,KOSDAQ,1195.14,-1139.49,-56.58,-196.22
2025-03-28,KOSPI,5408.32,-6403.12,31.24,400.66
2025-03-31,KOSDAQ,619.19,-2148.19,1477.55,-135.51
2025-03-31,KOSPI,7890.61,-15754.5,6673.42,607.22
2025-04-01,KOSDAQ,-1687.38,-51.93,1856.67,111.84
2025-04-01,KOSPI,866.44,-3901.32,1806.12,774.28
2025-04-02,KOSDAQ,2509.95,-2668.13,269.05,-123.08
2025-04-02,KOSPI,4791.39,-7241.63,1479.94,1735.42
2025-04-03,KOSDAQ,665.47,-641.57,36.52,15.59
2025-04-03,KOSPI,8013.58,-13752.38,4610.07,2722.07
2025-04-04,KOSDAQ,274.46,-884.55,730.15,-158.92
2025-04-04,KOSPI,10770.04,-17868.68,6210.84,2067.43
2025-04-07,KOSDAQ,1670.39,-1871.65,64.3,-54.13
2025-04-07,KOSPI,16721.38,-20957.41,2571.11,4307.42
2025-04-08,KOSDAQ,-746.72,-732.46,1530.13,93.38
2025-04-08,KOSPI,6029.37,-6424.84,-898.43,1131.66
2025-04-09,KOSDAQ,835.33,-967.1,193.81,-200.09
2025-04-09,KOSPI,9388.76,-10006.55,-698.29,578.56
2025-04-10,KOSDAQ,-2997.65,1076.45,2012.22,56.77
2025-04-10,KOSPI,-10692.74,3287.44,6682.32,539.66
2025-04-11,KOSDAQ,-378.14,249.27,129.21,61.77
2025-04-11,KOSPI,4339.27,-6888.21,1378.47,1749.07
2025-04-14,KOSDAQ,42.64,-252.76,223.79,228.31
2025-04-14,KOSPI,1939.24,-2419.84,-66.7,1119.36
2025-04-15,KOSDAQ,1187.82,-697.07,-410.83,39.2
2025-04-15,KOSPI,-1467.53,-1177.17,1831.27,944.64
2025-04-16,KOSDAQ,2320.57,-1272.4,-966.98,38.48
2025-04-16,KOSPI,3834.64,-4577.23,-153.11,868.49
2025-04-17,KOSDAQ,-1418.2,962.03,487.83,143.71
2025-04-17,KOSPI,-1102.17,-3518.93,3688.59,561.96
2025-04-18,KOSDAQ,319.52,-203.23,102.56,162.42
2025-04-18,KOSPI,-223.41,-1051.69,815.62,783.62
2025-04-21,KOSDAQ,1964.91,-1152.44,-634.81,-6.0
2025-04-21,KOSPI,1863.69,-2886.32,233.62,562.96
2025-04-22,KOSDAQ,246.47,-126.12,68.33,187.25
2025-04-22,KOSPI,1667.15,-2429.99,106.63,943.48
2025-04-23,KOSDAQ,-682.5,442.19,322.22,83.91
2025-04-23,KOSPI,-5484.75,-1977.46,6866.23,637.07
2025-04-24,KOSDAQ,319.15,71.65,-363.21,74.28
2025-04-24,KOSPI,1350.77,-77.08,-1987.09,-160.25
2025-04-25,KOSDAQ,-56.2,784.72,-641.41,-47.62
2025-04-25,KOSPI,-7741.23,6125.55,5072.2,843.66
2025-04-28,KOSDAQ,1847.12,-587.57,-1137.82,65.62
2025-04-28,KOSPI,-496.15,-854.14,915.52,305.63
2025-04-29,KOSDAQ,-1635.4,1334.0,431.34,136.19
2025-04-29,KOSPI,-1590.97,6925.33,-5804.12,574.35
2025-04-30,KOSDAQ,2062.91,-712.06,-1281.81,-45.09
2025-04-30,KOSPI,3055.28,-1687.88,-2210.16,-89.8
2025-05-02,KOSDAQ,-1463.45,796.26,659.71,87.0
2025-05-02,KOSPI,-2349.42,-1702.07,3228.22,452.42
2025-05-07,KOSDAQ,-2.02,265.73,-93.49,-51.42
2025-05-07,KOSPI,-4645.96,3487.5,869.44,-81.91
2025-05-08,KOSDAQ,-219.82,881.96,-424.19,-67.6
2025-05-08,KOSPI,-12.72,1302.93,-1897.69,-81.69
2025-05-09,KOSDAQ,3741.29,-2638.84,-792.11,-90.34
2025-05-09,KOSPI,631.94,675.31,-1872.86,911.76
2025-05-12,KOSDAQ,-732.15,946.25,56.05,-126.99
2025-05-12,KOSPI,-3906.77,-71.36,3429.08,261.08
2025-05-13,KOSDAQ,-872.19,422.09,563.05,154.77
2025-05-13,KOSPI,-1359.9,1714.38,-892.86,-599.55
2025-05-14,KOSDAQ,-857.32,473.64,621.08,-18.13
2025-05-14,KOSPI,-10024.22,4703.8,5347.76,141.48
2025-05-15,KOSDAQ,1273.1,-1213.36,151.82,92.98
2025-05-15,KOSPI,459.99,2723.09,-3680.58,46.83
2025-05-16,KOSDAQ,2354.06,-1773.29,-432.69,-35.6
2025-05-16,KOSPI,-2822.95,1694.22,1133.58,156.08
2025-05-19,KOSDAQ,2379.97,-357.3,-1809.21,-48.26
2025-05-19,KOSPI,2986.02,-1133.59,-1947.68,-243.35
2025-05-20,KOSDAQ,-728.14,541.68,684.36,211.83
2025-05-20,KOSPI,205.54,-1144.79,610.03,-207.35
2025-05-21,KOSDAQ,-1171.79,416.42,854.08,270.13
2025-05-21,KOSPI,-3315.46,1920.24,1045.68,-52.17
2025-05-22,KOSDAQ,1114.63,-550.86,-522.41,-141.24
2025-05-22,KOSPI,6848.35,-2237.13,-4319.17,83.44
2025-05-23,KOSDAQ,412.28,-283.82,252.2,73.31
2025-05-23,KOSPI,1347.27,-584.96,-1026.43,-107.38
2025-05-26,KOSDAQ,-1645.53,840.4,862.49,103.2
2025-05-26,KOSPI,-5157.94,1015.2,4322.9,474.59
2025-05-27,KOSDAQ,198.09,2.25,-112.1,-2.7
2025-05-27,KOSPI,536.75,-781.5,-201.03,-206.37
2025-05-28,KOSDAQ,-719.65,3332.61,53.31,115.14
2025-05-28,KOSPI,-9906.96,2998.7,7437.57,447.92
2025-05-29,KOSDAQ,-302.16,-18.55,480.5,-125.88
2025-05-29,KOSPI,-9962.93,2897.04,6841.63,680.16
2025-05-30,KOSDAQ,1070.57,-1123.83,56.21,172.87
2025-05-30,KOSPI,6050.83,-6070.42,-159.85,144.45
2025-06-02,KOSDAQ,-1214.72,1117.19,170.05,117.76
2025-06-02,KOSPI,981.74,1250.16,-2414.71,-89.53
2025-06-04,KOSDAQ,-3069.29,1489.01,1763.19,-62.04
2025-06-04,KOSPI,-12259.5,10507.11,2046.38,28.7
2025-06-05,KOSDAQ,-425.22,395.95,99.49,43.85
2025-06-05,KOSPI,-11891.91,9800.59,2206.69,615.87
2025-06-09,KOSDAQ,-1042.01,1526.82,-388.39,95.36
2025-06-09,KOSPI,-2300.61,9766.76,-7331.76,-1113.89
2025-06-10,KOSDAQ,133.87,52.08,-23.09,166.42
2025-06-10,KOSPI,-6269.12,6322.97,141.87,-90.48
2025-06-11,KOSDAQ,-3052.17,2072.04,1128.05,127.93
2025-06-11,KOSPI,-3662.8,1660.85,2303.83,-276.24
2025-06-12,KOSDAQ,365.08,92.63,-65.15,214.7
2025-06-12,KOSPI,-1793.72,4072.86,-2304.3,1239.79
2025-06-13,KOSDAQ,3362.25,-2350.92,-906.79,-155.2
2025-06-13,KOSPI,4673.77,1210.32,-6460.63,292.96
2025-06-16,KOSDAQ,-1514.74,1176.47,437.46,15.5
2025-06-16,KOSPI,463.36,-3224.01,2524.0,-283.87
2025-06-17,KOSDAQ,747.69,135.32,-631.87,95.57
2025-06-17,KOSPI,2245.17,-952.58,-1006.26,-1110.45
2025-06-18,KOSDAQ,295.23,-440.08,-10.59,180.97
2025-06-18,KOSPI,-4318.23,2870.49,1101.19,-475.42
2025-06-19,KOSDAQ,1242.89,-1353.38,189.51,29.66
2025-06-19,KOSPI,3499.96,-825.88,-3017.76,-1355.88
2025-06-20,KOSDAQ,-848.69,498.92,388.27,253.6
2025-06-20,KOSPI,-5965.88,5625.52,372.28,113.19
2025-06-23,KOSDAQ,1189.12,-64.88,-613.32,-38.19
2025-06-23,KOSPI,13797.37,-3667.58,-9485.06,-167.75
2025-06-24,KOSDAQ,-2077.05,1732.95,646.59,-9.82
2025-06-24,KOSPI,-5675.59,4382.56,2593.82,-984.01
2025-06-25,KOSDAQ,2107.48,-1438.37,-499.26,-3.64
2025-06-25,KOSPI,7579.91,-1107.72,-5883.35,-519.87
2025-06-26,KOSDAQ,2379.15,-1674.7,-559.27,-96.19
2025-06-26,KOSPI,8325.44,-5794.13,-4080.22,-466.83
2025-06-27,KOSDAQ,1863.06,-2239.95,470.42,32.34
2025-06-27,KOSPI,4868.05,-8579.61,3433.56,-127.73
2025-06-30,KOSDAQ,-122.82,-177.11,540.6,182.64
2025-06-30,KOSPI,1892.02,-6489.49,4757.24,-300.97
2025-07-01,KOSDAQ,-308.71,-324.86,550.16,-36.16
2025-07-01,KOSPI,-6405.17,1759.9,4744.96,-688.28
2025-07-02,KOSDAQ,1713.29,-1896.96,170.42,98.53
2025-07-02,KOSPI,2328.87,-3277.73,720.31,-18.78
2025-07-03,KOSDAQ,-1492.37,1064.1,405.38,43.04
2025-07-03,KOSPI,-12329.89,6426.8,5483.91,-67.44
2025-07-04,KOSDAQ,3995.46,-3219.11,-630.43,-190.97
2025-07-04,KOSPI,2574.72,1623.81,-3822.44,-794.84
2025-07-07,KOSDAQ,-561.86,1330.75,-723.59,102.17
2025-07-07,KOSPI,1558.3,-936.6,-810.52,-592.55
2025-07-08,KOSDAQ,727.24,360.36,-1124.01,-257.03
2025-07-08,KOSPI,-2549.19,2461.39,-326.44,-25.78
2025-07-09,KOSDAQ,22.06,644.0,-812.74,-182.69
2025-07-09,KOSPI,4309.65,-4105.25,-570.77,30.99
2025-07-10,KOSDAQ,-139.76,1546.82,-1461.64,62.56
2025-07-10,KOSPI,-5868.53,4693.7,446.74,449.51
2025-07-11,KOSDAQ,-618.36,518.36,144.97,-25.63
2025-07-11,KOSPI,1249.82,3259.33,-742.89,46.11
2025-07-14,KOSDAQ,1431.62,-1493.96,-410.15,-56.38
2025-07-14,KOSPI,-3568.4,3706.54,-946.54,-204.97
2025-07-15,KOSDAQ,-461.86,697.71,-168.87,-23.96
2025-07-15,KOSPI,-3102.46,2123.34,-167.07,289.39
2025-07-16,KOSDAQ,1533.27,-312.16,-633.08,-84.67
2025-07-16,KOSPI,4016.44,554.86,-5525.21,-747.92
2025-07-17,KOSDAQ,592.15,-713.68,31.53,-40.94
2025-07-17,KOSPI,-3355.53,493.35,1582.86,-136.21
2025-07-18,KOSDAQ,-739.12,419.62,322.84,-76.22
2025-07-18,KOSPI,-3410.74,1878.44,320.47,-941.79
2025-07-21,KOSDAQ,99.86,-191.45,111.53,-145.26
2025-07-21,KOSPI,-10578.41,8935.27,994.34,-93.16
2025-07-22,KOSDAQ,1822.06,-412.22,-1422.59,19.31
2025-07-22,KOSPI,4780.49,-1287.8,-4127.5,-760.46
2025-07-23,KOSDAQ,1489.89,-64.2,-1071.55,-288.41
2025-07-23,KOSPI,-6981.61,4228.01,1917.42,-1033.66
2025-07-24,KOSDAQ,-201.24,375.99,-193.75,-170.11
2025-07-24,KOSPI,-9512.63,7386.22,1273.18,-157.22
2025-07-25,KOSDAQ,734.86,928.4,-1401.96,-239.24
2025-07-25,KOSPI,-4615.84,2705.79,1100.11,464.26
2025-07-28,KOSDAQ,733.16,-154.21,-447.15,16.78
2025-07-28,KOSPI,-9975.18,4752.8,4520.25,-668.19
2025-07-29,KOSDAQ,421.55,-51.54,-294.81,73.65
2025-07-29,KOSPI,-8258.91,6053.95,1166.68,-119.1
2025-07-30,KOSDAQ,17.58,461.81,-154.81,58.46
2025-07-30,KOSPI,-9844.32,5783.47,3307.08,-157.01
2025-07-31,KOSDAQ,-31.94,278.13,-281.73,31.85
2025-07-31,KOSPI,2235.18,3449.63,-7052.52,-1427.25
2025-08-01,KOSDAQ,2441.38,-1107.17,-1410.0,-206.66
2025-08-01,KOSPI,16282.94,-6524.2,-10719.74,-196.35
2025-08-04,KOSDAQ,-266.5,-407.14,742.29,133.46
2025-08-04,KOSPI,-2995.75,829.52,1316.18,103.92
2025-08-05,KOSDAQ,-631.11,457.27,255.82,126.08
2025-08-05,KOSPI,-4784.58,2918.94,946.7,189.28
2025-08-06,KOSDAQ,-968.03,-27.18,941.9,123.89
2025-08-06,KOSPI,473.94,2803.83,-4020.29,-38.98
2025-08-07,KOSDAQ,803.2,-556.69,-204.29,-38.88
2025-08-07,KOSPI,-2048.29,-171.28,1092.42,409.78
2025-08-08,KOSDAQ,-976.32,504.69,709.73,132.75
2025-08-08,KOSPI,1835.22,-1576.23,-1318.14,-802.2
2025-08-11,KOSDAQ,-990.47,553.08,421.03,121.11
2025-08-11,KOSPI,-1407.26,2168.6,-2160.08,-906.57
2025-08-12,KOSDAQ,151.87,-74.36,-30.76,-103.86
2025-08-12,KOSPI,634.45,-603.96,-980.64,213.97
2025-08-13,KOSDAQ,-236.54,92.08,254.57,-54.18
2025-08-13,KOSPI,-6647.74,6349.25,-809.12,-170.67
2025-08-14,KOSDAQ,-330.49,414.81,17.94,-24.36
2025-08-14,KOSPI,-533.74,-779.38,196.69,-788.36
2025-08-18,KOSDAQ,1642.66,-406.17,-1187.88,-56.83
2025-08-18,KOSPI,3569.69,-4880.96,812.65,347.79
2025-08-19,KOSDAQ,404.42,398.88,-606.71,-3.84
2025-08-19,KOSPI,903.96,-4543.92,2538.9,-221.54
2025-08-20,KOSDAQ,1502.76,-425.51,-855.42,-136.06
2025-08-20,KOSPI,-3929.12,-2184.61,5023.99,-720.4
2025-08-21,KOSDAQ,1624.31,-677.12,-853.68,-104.61
2025-08-21,KOSPI,-2591.28,-152.19,1598.25,251.72
2025-08-22,KOSDAQ,-310.6,649.0,-92.22,-121.54
2025-08-22,KOSPI,-4571.75,1825.65,1556.07,109.58
2025-08-25,KOSDAQ,-2841.4,2268.05,824.96,211.43
2025-08-25,KOSPI,-3857.16,1224.47,1543.44,279.73
2025-08-26,KOSDAQ,-1131.19,1602.8,-323.42,84.72
2025-08-26,KOSPI,8519.38,-6836.42,-2657.13,-161.09
2025-08-27,KOSDAQ,1194.28,-899.4,-107.85,-10.54
2025-08-27,KOSPI,568.98,-2022.59,276.85,171.19
2025-08-28,KOSDAQ,873.95,-585.3,-198.23,-326.94
2025-08-28,KOSPI,-3938.55,-241.02,3263.84,747.52
2025-08-29,KOSDAQ,214.43,-498.85,426.61,74.83
2025-08-29,KOSPI,2353.13,-3723.72,647.89,-269.94
2025-09-01,KOSDAQ,693.24,-557.64,39.62,61.53
2025-09-01,KOSPI,3469.26,-2719.92,-1940.16,146.46
2025-09-02,KOSDAQ,-879.03,785.27,218.36,11.98
2025-09-02,KOSPI,-3473.55,4009.89,-1416.47,173.8
2025-09-03,KOSDAQ,-85.36,210.54,-80.62,37.52
2025-09-03,KOSPI,-1563.44,4359.48,-3756.06,-648.8
2025-09-04,KOSDAQ,-1067.63,863.06,336.89,235.22
2025-09-04,KOSPI,-2847.49,2025.13,-232.18,-212.19
2025-09-05,KOSDAQ,-699.1,450.91,331.47,203.38
2025-09-05,KOSPI,-552.2,-1374.36,1124.19,-137.89
2025-09-08,KOSDAQ,-122.72,-348.04,506.21,139.59
2025-09-08,KOSPI,-3848.46,2300.69,778.34,-129.74
2025-09-09,KOSDAQ,-202.34,233.36,-41.91,98.49
2025-09-09,KOSPI,-10370.72,6808.09,2806.15,269.82
2025-09-10,KOSDAQ,-1348.86,790.69,645.08,276.94
2025-09-10,KOSPI,-22634.12,13817.38,9046.43,372.77
2025-09-11,KOSDAQ,527.71,-662.96,298.24,192.32
2025-09-11,KOSPI,-11492.55,2999.94,8225.39,-1489.03
2025-09-12,KOSDAQ,-2693.91,1882.26,965.67,562.98
2025-09-12,KOSPI,-20287.17,14354.93,6118.58,1863.17
2025-09-15,KOSDAQ,1485.54,-636.08,-411.69,163.35
2025-09-15,KOSPI,-1373.74,2667.21,-1376.32,-566.9
2025-09-16,KOSDAQ,2717.02,-2135.81,-451.22,83.26
2025-09-16,KOSPI,-17636.94,17927.29,1082.92,138.13
2025-09-17,KOSDAQ,2854.82,-1630.73,-1126.32,-51.12
2025-09-17,KOSPI,2521.59,-347.37,-3075.31,435.47
2025-09-18,KOSDAQ,-2010.02,530.4,1613.28,394.05
2025-09-18,KOSPI,-7815.76,2851.14,4294.05,467.41
2025-09-19,KOSDAQ,-2584.55,2100.48,792.27,418.83
2025-09-19,KOSPI,5332.32,-3080.43,-3357.26,-599.81
2025-09-22,KOSDAQ,1230.78,-410.19,185.26,136.38
2025-09-22,KOSPI,-7682.03,5652.92,2671.55,-136.6
2025-09-23,KOSDAQ,2205.55,-1273.71,-798.04,-25.9
2025-09-23,KOSPI,-2462.09,3413.65,-1363.26,-294.87
2025-09-24,KOSDAQ,4346.26,-2547.46,-1678.78,-191.76
2025-09-24,KOSPI,17.04,-2486.46,2124.05,-958.45
2025-09-25,KOSDAQ,1070.35,309.65,-1147.8,-188.35
2025-09-25,KOSPI,-5410.57,2196.07,2706.84,-962.24
2025-09-26,KOSDAQ,801.45,-837.63,89.96,-175.81
2025-09-26,KOSPI,10997.15,-5707.23,-4891.52,-686.6
2025-09-29,KOSDAQ,-2272.8,1137.46,1365.41,145.39
2025-09-29,KOSPI,-7479.78,4471.58,3014.28,125.95
2025-09-30,KOSDAQ,1907.05,-1835.47,249.09,-29.16
2025-09-30,KOSPI,-264.59,230.11,-497.01,-16.58
2025-10-01,KOSDAQ,-147.18,287.52,3.95,167.75
2025-10-01,KOSPI,-10812.16,8454.79,2207.86,-349.06
2025-10-02,KOSDAQ,-630.0,667.52,127.98,380.85
2025-10-02,KOSPI,-30715.02,31264.96,-674.95,450.41
2025-10-10,KOSDAQ,-1309.59,2434.81,-871.43,139.26
2025-10-10,KOSPI,-5022.05,10591.55,-5936.26,834.02
2025-10-13,KOSDAQ,1075.52,-927.76,-117.2,47.03
2025-10-13,KOSPI,11648.87,-8220.46,-4470.54,252.32
2025-10-14,KOSDAQ,2251.45,-1137.79,-1134.65,-140.54
2025-10-14,KOSPI,20.33,5581.1,-6299.5,-351.08
2025-10-15,KOSDAQ,-1073.6,501.28,615.64,-110.24
2025-10-15,KOSPI,-9706.35,1631.27,7512.45,822.03
2025-10-16,KOSDAQ,3480.01,-826.63,-2361.1,-492.1
2025-10-16,KOSPI,-13935.76,6532.85,7813.34,981.67
2025-10-17,KOSDAQ,872.11,503.65,-1240.8,3.81
2025-10-17,KOSPI,-3122.31,4437.9,-1688.25,-80.33
2025-10-20,KOSDAQ,-1970.31,1409.38,677.58,64.96
2025-10-20,KOSPI,-4108.71,-2499.66,6427.82,31.69
2025-10-21,KOSDAQ,1812.86,-423.03,-596.55,-221.29
2025-10-21,KOSPI,-1556.48,-123.57,2115.97,496.18
2025-10-22,KOSDAQ,1702.48,-666.46,-884.3,-411.57
2025-10-22,KOSPI,-769.4,-7032.76,7632.58,317.26
2025-10-23,KOSDAQ,1649.91,-1174.34,-134.14,-201.39
2025-10-23,KOSPI,7504.69,-4071.44,-3971.64,-1007.13
2025-10-24,KOSDAQ,-1120.38,353.24,1620.1,78.2
2025-10-24,KOSPI,-20004.73,5755.75,14054.25,730.34
2025-10-27,KOSDAQ,-2946.04,2376.44,1875.91,-59.59
2025-10-27,KOSPI,-7968.53,6470.78,2343.13,-886.48
2025-10-28,KOSDAQ,1497.91,-1578.45,251.47,69.37
2025-10-28,KOSPI,15728.11,-16379.06,925.15,-666.23
2025-10-29,KOSDAQ,636.14,383.25,-566.49,88.92
2025-10-29,KOSPI,-3583.45,-1066.09,5196.41,-3122.67
2025-10-30,KOSDAQ,-983.02,1845.75,-354.86,-92.97
2025-10-30,KOSPI,9363.19,-1172.63,-8379.09,-1733.82
2025-10-31,KOSDAQ,-3357.1,1954.28,1443.28,118.48
2025-10-31,KOSPI,-2017.63,13211.69,-11063.53,-1567.47
2025-11-03,KOSDAQ,-3423.91,3830.06,33.42,-9.32
2025-11-03,KOSPI,6255.63,-7948.96,1840.64,-331.98
2025-11-04,KOSDAQ,-3652.99,2283.02,1662.81,532.65
2025-11-04,KOSPI,27008.76,-22282.03,-4988.72,-1195.47
2025-11-05,KOSDAQ,5650.42,-5983.13,468.28,20.07
2025-11-05,KOSPI,25538.06,-20695.29,-1876.79,582.52
2025-11-06,KOSDAQ,1301.61,-1156.4,60.63,-137.09
2025-11-06,KOSPI,8839.53,-16950.03,8301.06,-368.05
2025-11-07,KOSDAQ,829.68,580.54,-1050.92,-324.29
2025-11-07,KOSPI,6790.58,-4550.11,-2446.02,-687.52
2025-11-10,KOSDAQ,-411.52,-147.62,517.52,-377.05
2025-11-10,KOSPI,-11607.02,-1510.24,13065.6,648.14
2025-11-11,KOSDAQ,769.4,166.36,-822.38,-138.84
2025-11-11,KOSPI,-2830.51,770.1,2247.4,-898.7
2025-11-12,KOSDAQ,-3630.52,2528.89,1147.87,174.99
2025-11-12,KOSPI,-4423.26,-4265.14,9093.04,-451.97
2025-11-13,KOSDAQ,358.26,-784.18,937.69,-4.94
2025-11-13,KOSPI,-2342.61,9989.46,-7178.64,275.03
2025-11-14,KOSDAQ,3818.21,-3194.45,-294.58,-134.08
2025-11-14,KOSPI,32346.13,-23575.44,-9005.19,-66.65
2025-11-17,KOSDAQ,569.66,-426.61,540.9,117.51
2025-11-17,KOSPI,-4999.83,5188.57,-245.07,-467.08
2025-11-18,KOSDAQ,3761.37,-1745.84,-1145.31,-272.73
2025-11-18,KOSPI,12382.01,-5499.95,-6788.36,-593.62
2025-11-19,KOSDAQ,38.22,-620.41,734.69,57.82
2025-11-19,KOSPI,4450.31,-10495.22,6256.02,58.92
2025-11-20,KOSDAQ,-1298.24,1911.36,157.75,-110.33
2025-11-20,KOSPI,-13817.22,7405.65,7566.11,-314.44
2025-11-21,KOSDAQ,2201.04,-1270.59,-775.4,-426.31
2025-11-21,KOSPI,22695.04,-28229.03,4935.45,850.78
2025-11-24,KOSDAQ,635.1,-392.66,-308.31,-5.19
2025-11-24,KOSPI,-4619.34,-7992.57,12718.7,-228.08
2025-11-25,KOSDAQ,-722.25,1107.49,-26.73,337.92
2025-11-25,KOSPI,-275.62,49.25,315.36,-611.1
2025-11-26,KOSDAQ,-2732.71,2096.39,868.31,246.73
2025-11-26,KOSPI,-18048.17,5157.57,12279.84,361.74
2025-11-27,KOSDAQ,1581.52,-868.08,-425.42,-151.37
2025-11-27,KOSPI,-6152.08,1545.62,4325.72,-5.63
2025-11-28,KOSDAQ,-10443.79,4884.61,6029.96,818.46
2025-11-28,KOSPI,15684.55,-20368.74,4587.04,-1367.34
2025-12-01,KOSDAQ,-1751.85,-1499.84,3519.85,638.24
2025-12-01,KOSPI,528.5,2234.95,-2332.65,-962.42
2025-12-02,KOSDAQ,307.24,-1252.61,1371.51,257.34
2025-12-02,KOSPI,-15762.57,12146.94,3928.76,707.85
2025-12-03,KOSDAQ,1123.21,-177.12,-146.8,176.11
2025-12-03,KOSPI,-8984.37,2816.43,7364.12,626.72
2025-12-04,KOSDAQ,-699.38,781.01,809.35,149.0
2025-12-04,KOSPI,5585.37,-6960.14,1318.33,522.22
2025-12-05,KOSDAQ,3198.3,-1300.63,-1864.35,-413.87
2025-12-05,KOSPI,-21156.49,9933.77,11527.94,57.82
2025-12-08,KOSDAQ,-1515.36,3830.17,-1864.16,-353.9
2025-12-08,KOSPI,-3449.18,3210.98,-307.5,-153.17
2025-12-09,KOSDAQ,2135.02,-581.07,-1067.64,-189.77
2025-12-09,KOSPI,-133.16,-889.31,494.07,996.08
2025-12-10,KOSDAQ,-517.2,972.46,-30.63,175.01
2025-12-10,KOSPI,-889.19,3739.17,-3002.89,156.53
2025-12-11,KOSDAQ,465.8,514.29,-342.37,400.17
2025-12-11,KOSPI,3922.5,3656.3,-7753.03,-174.03
2025-12-12,KOSDAQ,-1504.99,1963.79,318.65,-105.28
2025-12-12,KOSPI,-14624.93,414.39,14184.01,891.95
2025-12-15,KOSDAQ,1813.44,-184.82,-1322.88,225.86
2025-12-15,KOSPI,14210.49,-9568.65,-4802.94,1165.83
2025-12-16,KOSDAQ,3984.21,-3523.25,11.02,183.73
2025-12-16,KOSPI,12410.2,-10305.1,-2308.97,137.32
2025-12-17,KOSDAQ,2645.91,-2219.27,122.36,-31.23
2025-12-17,KOSPI,-3374.17,-321.97,3352.96,-286.62
2025-12-18,KOSDAQ,989.99,-900.96,-84.75,167.93
2025-12-18,KOSPI,4129.54,-3459.41,-1005.76,-846.32
2025-12-19,KOSDAQ,-2824.82,1067.39,1993.13,445.39
2025-12-19,KOSPI,-1412.5,-7572.53,8540.93,-412.42
2025-12-22,KOSDAQ,1062.22,-331.7,619.33,198.67
2025-12-22,KOSPI,-26714.42,11017.02,16054.7,228.1
2025-12-23,KOSDAQ,1799.34,-1497.06,453.16,351.21
2025-12-23,KOSPI,-12853.01,9551.07,3526.99,-373.83
2025-12-24,KOSDAQ,-88.9,-357.95,768.72,184.13
2025-12-24,KOSPI,-7170.74,5225.01,2038.89,326.58
2025-12-26,KOSDAQ,-4596.21,971.51,3582.97,922.99
2025-12-26,KOSPI,-23264.68,17790.48,4435.47,-975.02
2025-12-29,KOSDAQ,1877.15,854.33,-1783.98,237.11
2025-12-29,KOSPI,661.12,3336.58,-3132.75,378.92
2025-12-30,KOSDAQ,5392.31,-3266.4,-1687.08,145.5
2025-12-30,KOSPI,8448.11,-4768.3,-3763.14,-1084.11
2026-01-02,KOSDAQ,-1825.38,1043.76,844.86,288.79
2026-01-02,KOSPI,-4251.91,6309.3,-2476.58,-195.85
2026-01-05,KOSDAQ,996.5,-1119.64,242.93,270.95
2026-01-05,KOSPI,-15141.33,21726.31,-7045.6,-1564.31
2026-01-06,KOSDAQ,3813.44,-3349.11,-300.82,-184.46
2026-01-06,KOSPI,5963.07,-6184.24,-664.35,-723.89
2026-01-07,KOSDAQ,1833.31,2573.42,-1002.61,-331.02
2026-01-07,KOSPI,-2943.72,12547.71,-9397.2,-946.64
2026-01-08,KOSDAQ,673.27,-914.67,272.36,111.08
2026-01-08,KOSPI,12539.64,-978.54,-14014.07,-1509.76
2026-01-09,KOSDAQ,1063.78,-1699.64,761.7,-86.38
2026-01-09,KOSPI,1339.24,-16068.29,12045.91,527.29
2026-01-12,KOSDAQ,999.52,-74.15,-685.58,-208.12
2026-01-12,KOSPI,-1013.23,-3512.24,2100.69,-501.06
2026-01-13,KOSDAQ,3369.68,-1810.52,-1456.63,-83.15
2026-01-13,KOSPI,-7125.13,-2792.74,7881.32,22.28
2026-01-14,KOSDAQ,4194.11,-2631.9,-1568.28,-118.51
2026-01-14,KOSPI,-4377.33,-3760.07,5887.11,149.38
2026-01-15,KOSDAQ,-2562.01,3148.21,-287.55,-301.16
2026-01-15,KOSPI,-18235.1,3449.58,12905.5,-311.88
2026-01-16,KOSDAQ,567.09,-839.5,397.23,276.34
2026-01-16,KOSPI,-9382.52,4349.98,3083.47,-900.75
2026-01-19,KOSDAQ,-1395.55,2264.44,-385.79,78.15
2026-01-19,KOSPI,-7512.8,5532.18,-256.42,-1188.0
2026-01-20,KOSDAQ,-3079.75,240.45,2758.85,42.27
2026-01-20,KOSPI,3524.4,1231.75,-6499.71,-1729.4
2026-01-21,KOSDAQ,9553.15,-2611.84,-6611.31,-2059.36
2026-01-21,KOSPI,-9965.44,4393.99,3216.75,-564.24
2026-01-22,KOSDAQ,898.7,832.88,-1376.81,-160.56
2026-01-22,KOSPI,1555.44,-2431.71,-1568.3,-2049.1
2026-01-23,KOSDAQ,-10359.63,1052.41,9735.21,392.16
2026-01-23,KOSPI,-7239.38,1438.2,4789.63,-2718.99
2026-01-26,KOSDAQ,-29138.01,4496.99,26216.55,1507.24
2026-01-26,KOSPI,17156.55,-1588.13,-15414.2,-1730.34
2026-01-27,KOSDAQ,-14540.41,-1132.58,16527.8,632.71
2026-01-27,KOSPI,-10197.05,8448.11,2473.99,-572.41
2026-01-28,KOSDAQ,-26461.99,4866.4,23021.75,923.82
2026-01-28,KOSPI,12130.78,4007.88,-14021.03,-900.14
2026-01-29,KOSDAQ,-21296.86,2163.24,20427.25,86.74
2026-01-29,KOSPI,16172.81,-14896.64,-1673.12,-1196.8
2026-01-30,KOSDAQ,-9829.97,-1658.39,13350.71,307.04
2026-01-30,KOSPI,22979.32,-19728.88,-4240.98,-306.56
2026-02-02,KOSDAQ,2126.61,4107.74,-5484.42,-142.51
2026-02-02,KOSPI,45874.22,-25167.83,-22125.5,-399.25
2026-02-03,KOSDAQ,-7085.03,-896.49,8633.43,-22.38
2026-02-03,KOSPI,-29422.72,7037.97,21707.91,957.81
2026-02-04,KOSDAQ,2398.95,49.06,-1514.82,-676.84
2026-02-04,KOSPI,-10118.74,-9412.67,17836.25,290.03
2026-02-05,KOSDAQ,9062.87,-2756.33,-5385.4,-1044.05
2026-02-05,KOSPI,67790.74,-50107.7,-20692.71,-984.72
2026-02-06,KOSDAQ,1484.21,728.2,-1642.56,-199.25
2026-02-06,KOSPI,21736.05,-33232.62,9413.69,1323.0
2026-02-09,KOSDAQ,-6236.03,2316.81,4876.84,-227.42
2026-02-09,KOSPI,-32947.04,4320.14,27123.39,-862.96
2026-02-10,KOSDAQ,3239.44,-1955.45,-808.39,-395.93
2026-02-10,KOSPI,-8779.84,1474.02,5643.08,-977.23
2026-02-11,KOSDAQ,-513.52,190.62,608.16,-259.79
2026-02-11,KOSPI,-17148.89,8461.22,6926.6,-262.9
2026-02-12,KOSDAQ,860.38,-1065.61,997.02,-234.79
2026-02-12,KOSPI,-44546.92,29954.04,13800.02,721.86
2026-02-13,KOSDAQ,6220.07,-2414.1,-3381.14,-440.7
2026-02-13,KOSPI,7141.22,-9220.32,830.66,563.26
2026-02-19,KOSDAQ,-18300.81,8540.15,10541.3,711.35
2026-02-19,KOSPI,-8609.17,-9395.69,16542.2,153.7
2026-02-20,KOSDAQ,2317.59,-2073.43,231.22,81.64
2026-02-20,KOSPI,-9872.5,-7420.25,16149.5,-1421.74
2026-02-23,KOSDAQ,2178.79,1805.02,-3623.89,-207.59
2026-02-23,KOSPI,10815.14,-11131.64,-1271.22,-2685.3
2026-02-24,KOSDAQ,2285.73,2790.13,-1467.8,284.61
2026-02-24,KOSPI,-22861.15,-2013.45,23772.73,-717.66
2026-02-25,KOSDAQ,3906.39,-2159.41,-1276.54,-9.66
2026-02-25,KOSPI,2307.08,-13082.4,14701.25,749.52
2026-02-26,KOSDAQ,-5458.71,4246.57,1901.01,230.67
2026-02-26,KOSPI,6497.54,-21134.79,12569.13,-980.72
2026-02-27,KOSDAQ,-4724.46,622.52,4459.95,129.46
2026-02-27,KOSPI,62495.72,-70527.56,5666.22,-2283.21
2026-03-03,KOSDAQ,-7614.46,5933.67,2388.32,333.0
2026-03-03,KOSPI,57974.35,-51487.05,-8859.18,411.83
2026-03-04,KOSDAQ,-12030.05,11702.88,322.85,-97.75
2026-03-04,KOSPI,795.82,2302.61,-5978.24,-727.46
2026-03-05,KOSDAQ,-15513.71,8322.49,7392.66,717.14
2026-03-05,KOSPI,18228.11,-1445.64,-17185.6,-871.53
2026-03-06,KOSDAQ,-799.81,-3862.29,4761.26,1656.27
2026-03-06,KOSPI,29487.93,-19418.17,-11141.56,-1747.53
2026-03-09,KOSDAQ,5065.34,-5388.91,446.84,608.76
2026-03-09,KOSPI,46242.13,-31735.37,-15440.58,-1019.81
2026-03-10,KOSDAQ,136.02,-4020.62,4298.44,557.3
2026-03-10,KOSPI,-18339.55,10282.54,9164.04,-93.21
2026-03-11,KOSDAQ,2542.17,-811.94,-1266.69,125.03
2026-03-11,KOSPI,-5086.18,-2562.57,7821.35,-893.39
2026-03-12,KOSDAQ,5064.17,-6867.11,2530.98,399.82
2026-03-12,KOSPI,22291.46,-23831.04,775.3,-374.05
2026-03-13,KOSDAQ,-1324.74,-828.55,2526.17,396.62
2026-03-13,KOSPI,24511.68,-14501.51,-10434.04,284.55
2026-03-16,KOSDAQ,7103.98,-5012.31,-1696.39,7.99
2026-03-16,KOSPI,7163.55,-8485.46,910.68,411.95
2026-03-17,KOSDAQ,1379.67,-585.03,-359.04,-308.42
2026-03-17,KOSPI,-5752.06,-1740.46,7340.57,843.33
2026-03-18,KOSDAQ,-3927.84,4923.71,-253.1,-90.58
2026-03-18,KOSPI,-38716.69,8801.84,31092.63,959.53
2026-03-19,KOSDAQ,5017.92,-2003.51,-2611.66,-16.93
2026-03-19,KOSPI,24115.69,-18760.41,-6648.96,-649.38
2026-03-20,KOSDAQ,-1170.58,2346.9,-941.89,-211.8
2026-03-20,KOSPI,22338.43,-12401.62,-10260.16,606.13
2026-03-23,KOSDAQ,4646.96,-2591.62,-1997.66,-16.19
2026-03-23,KOSPI,70028.66,-36750.71,-38172.98,-1616.67
2026-03-24,KOSDAQ,-2113.06,1732.72,158.18,4.99
2026-03-24,KOSPI,7269.59,-19862.74,9683.14,434.57
2026-03-25,KOSDAQ,-3820.54,3732.49,223.64,112.76
2026-03-25,KOSPI,-13402.25,-12894.84,23229.63,146.65
2026-03-26,KOSDAQ,4845.54,-2962.79,-1336.83,128.65
2026-03-26,KOSPI,30598.0,-29370.21,-2999.24,-2422.76
2026-03-27,KOSDAQ,1703.04,-2337.22,507.38,54.79
2026-03-27,KOSPI,22596.09,-34286.0,7784.73,-228.02
2026-03-30,KOSDAQ,3040.55,-1313.69,-1179.08,-302.51
2026-03-30,KOSPI,8945.19,-20945.07,8449.55,-811.5
2026-03-31,KOSDAQ,497.31,1187.72,-686.86,-309.49
2026-03-31,KOSPI,24399.76,-38385.56,10250.65,-291.35
2026-04-01,KOSDAQ,-9010.57,4385.03,4608.65,144.05
2026-04-01,KOSPI,-37628.39,-6410.53,40418.74,-191.87
2026-04-02,KOSDAQ,6157.08,-862.69,-5054.81,-1040.68
2026-04-02,KOSPI,12097.46,-1368.1,-14517.08,90.98
2026-04-03,KOSDAQ,4067.34,-1965.55,-2173.16,-240.97
2026-04-03,KOSPI,-20952.33,8035.29,7389.6,-557.41
2026-04-06,KOSDAQ,4265.68,868.08,-3591.6,-186.39
2026-04-06,KOSPI,-10501.75,-1595.73,8371.48,-850.05
2026-04-07,KOSDAQ,-322.1,1797.72,-1200.26,-186.67
2026-04-07,KOSPI,-3429.32,3703.72,-4000.82,-818.02
2026-04-08,KOSDAQ,-5833.36,2396.99,3729.23,-181.29
2026-04-08,KOSPI,-54161.2,19088.78,27267.7,-2082.88
2026-04-09,KOSDAQ,9280.97,-4249.22,-5079.71,-453.98
2026-04-09,KOSPI,2950.01,18476.47,-25124.88,48.83
2026-04-10,KOSDAQ,-823.59,-19.21,931.39,-187.61
2026-04-10,KOSPI,-12280.44,10641.28,-2031.08,-415.64
2026-04-13,KOSDAQ,2619.62,-1491.26,-922.87,-101.06
2026-04-13,KOSPI,7173.35,-4579.0,-6698.37,-1733.26
2026-04-14,KOSDAQ,1160.23,-63.66,-1287.8,145.93
2026-04-14,KOSPI,-23918.83,8276.37,12544.59,-255.65
2026-04-15,KOSDAQ,-2561.31,2209.0,1766.95,217.96
2026-04-15,KOSPI,-9400.28,4973.36,368.07,-1115.65
2026-04-16,KOSDAQ,3605.24,-2462.58,-640.24,-58.9
2026-04-16,KOSPI,-18049.82,4813.87,10783.13,-298.82
2026-04-17,KOSDAQ,14.19,132.77,137.56,121.7
2026-04-17,KOSPI,14464.09,-19974.33,1501.08,-756.65
2026-04-20,KOSDAQ,1621.88,215.64,-1604.31,-159.03
2026-04-20,KOSPI,-3158.34,-2337.9,2937.93,80.39
2026-04-21,KOSDAQ,4908.76,-2829.54,-1202.47,30.3
2026-04-21,KOSPI,-19204.26,11564.59,9180.68,621.76
2026-04-22,KOSDAQ,2968.57,1620.75,-3691.14,-695.02
2026-04-22,KOSPI,11983.72,-6761.99,-4045.86,995.31
2026-04-23,KOSDAQ,3248.88,-1461.67,-1494.99,-31.26
2026-04-23,KOSPI,4513.64,-820.29,-2965.49,197.04
2026-04-24,KOSDAQ,-8990.31,7325.1,1887.26,206.36
2026-04-24,KOSPI,11832.46,-19496.25,8053.13,-201.51
2026-04-27,KOSDAQ,1417.63,-1722.2,849.25,-290.45
2026-04-27,KOSPI,-19757.55,8563.1,11349.31,-1770.51
2026-04-28,KOSDAQ,7962.34,-4948.95,-2542.77,11.35
2026-04-28,KOSPI,-1305.57,-1843.46,3532.01,-277.45
2026-04-29,KOSDAQ,1378.87,-20.73,-728.53,-456.14
2026-04-29,KOSPI,1681.31,-6070.7,4770.66,-21.17
2026-04-30,KOSDAQ,5532.06,-2112.05,-3045.02,-270.36
2026-04-30,KOSPI,11824.35,-14559.33,2837.92,350.39
2026-05-04,KOSDAQ,-4422.4,5548.03,-728.99,148.0
2026-05-04,KOSPI,-47935.54,29307.81,20097.78,-507.46
2026-05-06,KOSDAQ,6105.12,-614.57,-5435.0,-473.16
2026-05-06,KOSPI,-5714.6,31085.04,-22894.24,-1590.0
2026-05-07,KOSDAQ,-176.71,1746.63,-1323.45,-62.7
2026-05-07,KOSPI,59924.56,-66986.78,8916.93,494.16
2026-05-08,KOSDAQ,-4694.49,4045.76,803.3,-112.55
2026-05-08,KOSPI,39706.75,-52966.66,12542.36,-501.96
2026-05-11,KOSDAQ,847.12,1159.75,-1630.13,143.54
2026-05-11,KOSPI,28668.58,-28147.35,-458.12,-2948.13
2026-05-12,KOSDAQ,-2233.68,5215.92,-2583.62,-87.81
2026-05-12,KOSPI,66818.27,-56089.72,-12137.99,-1857.2
2026-05-13,KOSDAQ,5899.35,-6016.21,38.73,-532.18
2026-05-13,KOSPI,18868.37,-37226.51,16876.02,-2362.6
2026-05-14,KOSDAQ,911.28,-1348.81,595.16,29.44
2026-05-14,KOSPI,18499.15,-21449.99,1927.21,-1933.36
2026-05-15,KOSDAQ,-1448.42,4080.74,-1673.23,-273.07
2026-05-15,KOSPI,72307.84,-56039.49,-17347.16,-949.31
2026-05-18,KOSDAQ,-83.63,2368.72,-2539.84,-699.39
2026-05-18,KOSPI,22094.32,-36491.82,13903.79,16.09
2026-05-19,KOSDAQ,1032.37,1306.81,-658.93,-557.3
2026-05-19,KOSPI,56289.47,-57242.42,1574.75,-1385.68
2026-05-20,KOSDAQ,-579.85,2009.11,-1367.41,-365.93
2026-05-20,KOSPI,17104.43,-29309.52,11069.62,-1514.73
2026-05-21,KOSDAQ,-2508.93,1366.08,1390.73,-59.98
2026-05-21,KOSPI,-26753.63,-2211.87,29008.33,-958.74
2026-05-22,KOSDAQ,-8792.99,5974.93,3009.8,858.37
2026-05-22,KOSPI,10654.63,-19221.37,7583.19,-1160.99
2026-05-26,KOSDAQ,2305.81,-1031.46,-256.44,153.45
2026-05-26,KOSPI,-5745.38,-1320.57,8167.66,-1161.71
2026-05-27,KOSDAQ,6315.33,-847.42,-5411.38,372.52
2026-05-27,KOSPI,4064.41,-2492.84,-125.55,-3930.07
2026-05-28,KOSDAQ,381.08,3821.21,-4010.63,-275.14
2026-05-28,KOSPI,36145.83,-27414.23,-10421.62,-274.73
2026-05-29,KOSDAQ,3093.64,114.8,-3139.85,-414.89
2026-05-29,KOSPI,-14054.13,-10420.61,23687.83,909.16
2026-06-01,KOSDAQ,-4915.6,8063.62,-2911.97,-852.78
2026-06-01,KOSPI,3862.31,-28219.2,24427.34,-305.1
2026-06-02,KOSDAQ,-4090.02,3400.58,1326.9,-478.51
2026-06-02,KOSPI,63537.48,-63035.28,-545.82,706.77
2026-06-04,KOSDAQ,-1633.28,-424.24,2066.46,198.97
2026-06-04,KOSPI,50134.93,-66662.59,15254.51,-491.96
2026-06-05,KOSDAQ,336.94,-1877.64,1507.8,311.44
2026-06-05,KOSPI,42239.97,-27637.94,-13808.59,-607.47
2026-06-08,KOSDAQ,-1245.34,2976.48,-1465.72,-541.15
2026-06-08,KOSPI,17627.63,-2644.35,-17164.21,484.98
2026-06-09,KOSDAQ,-5112.49,3126.14,1995.71,266.16
2026-06-09,KOSPI,-6166.91,-20063.85,25048.2,-233.12
2026-06-10,KOSDAQ,1167.2,1419.77,-1124.84,-196.38
2026-06-10,KOSPI,48642.91,-27753.89,-22665.25,-2641.89
2026-06-11,KOSDAQ,-3633.8,-3601.25,7148.63,878.38
2026-06-11,KOSPI,20802.54,-14640.17,-7561.38,-1124.81
2026-06-12,KOSDAQ,-9415.58,2769.06,6315.0,648.0
2026-06-12,KOSPI,-43174.49,22040.91,22869.79,-3247.7
2026-06-15,KOSDAQ,6162.16,-8163.88,2165.68,-305.77
2026-06-15,KOSPI,-15123.54,10774.39,4461.51,249.98
2026-06-16,KOSDAQ,7906.89,-3094.62,-4629.52,-110.1
2026-06-16,KOSPI,-21841.46,15353.08,7076.39,-337.52
2026-06-17,KOSDAQ,-334.57,400.25,-101.23,310.86
2026-06-17,KOSPI,5254.07,-9951.69,5956.63,-1676.16
2026-06-18,KOSDAQ,3841.63,-1234.99,-2659.09,34.41
2026-06-18,KOSPI,-4156.16,12776.24,-7682.23,-3920.72
2026-06-19,KOSDAQ,749.7,4976.63,-5838.29,-125.07
2026-06-19,KOSPI,16478.37,-3555.11,-12244.29,-5267.0
2026-06-22,KOSDAQ,-4634.25,3152.04,1456.01,330.38
2026-06-22,KOSPI,21505.92,-25465.52,3033.93,-1833.5
2026-06-23,KOSDAQ,-3979.09,2746.24,1329.08,-106.76
2026-06-23,KOSPI,85909.6,-42047.46,-44760.11,-2937.34
2026-06-24,KOSDAQ,-3183.51,-320.51,3362.83,277.49
2026-06-24,KOSPI,26312.47,-46545.81,19095.48,131.3
2026-06-25,KOSDAQ,1452.04,212.39,-1707.09,153.15
2026-06-25,KOSPI,-24136.28,-8753.58,33244.21,-24.55
2026-06-26,KOSDAQ,-6688.24,3509.59,3083.73,331.42
2026-06-26,KOSPI,81919.14,-42905.83,-41223.82,-481.55
2026-06-29,KOSDAQ,-5271.88,266.04,5042.78,562.14
2026-06-29,KOSPI,45975.23,-77331.74,29326.71,580.87
2026-06-30,KOSDAQ,3909.34,-2463.59,-1428.48,329.86
2026-06-30,KOSPI,8401.45,-37992.0,29331.97,-394.17
2026-07-01,KOSDAQ,-1081.95,2471.76,-1255.45,498.23
2026-07-01,KOSPI,17369.62,-17028.45,-699.89,-2176.92
2026-07-02,KOSDAQ,4859.43,-1941.9,-3091.02,-828.89
2026-07-02,KOSPI,62412.77,-43705.69,-20825.31,-495.31
2026-07-03,KOSDAQ,1075.27,-202.31,-1036.96,-276.73
2026-07-03,KOSPI,-22942.45,-21750.2,44078.84,563.01
2026-07-06,KOSDAQ,2590.84,-447.01,-2243.77,-614.59
2026-07-06,KOSPI,26829.06,-13143.68,-14618.43,-337.55
2026-07-07,KOSDAQ,-3615.83,3742.35,-99.81,-42.91
2026-07-07,KOSPI,31358.73,-29172.27,-3107.62,285.04
2026-07-08,KOSDAQ,-1959.19,3375.65,-1452.52,-288.39
2026-07-08,KOSPI,-357.8,3436.85,-3552.16,-950.47
2026-07-09,KOSDAQ,-3217.13,221.35,3081.3,283.86
2026-07-09,KOSPI,-13277.59,1343.09,12884.5,736.42
2026-07-10,KOSDAQ,-4213.12,-1562.88,5824.99,416.43
2026-07-10,KOSPI,-7804.56,-3227.75,11313.91,354.67
2026-07-13,KOSDAQ,1832.65,-3878.35,1843.02,-106.85
2026-07-13,KOSPI,38868.77,-16705.48,-22338.23,-662.37
2026-07-14,KOSDAQ,697.87,-2471.02,1587.14,-8.79
2026-07-14,KOSPI,-41410.89,9565.08,32116.75,868.15
2026-07-15,KOSDAQ,-1541.86,230.52,1085.71,97.48
2026-07-15,KOSPI,-24666.18,23031.47,1992.09,204.78
2026-07-16,KOSDAQ,4184.39,-2918.87,-1552.82,-416.26
2026-07-16,KOSPI,36646.72,-13665.13,-23831.01,591.73
2026-07-20,KOSDAQ,1907.4,-518.14,-1329.94,-306.93
2026-07-20,KOSPI,3490.07,5198.18,-9234.9,742.55
2026-07-21,KOSDAQ,1473.85,-1359.71,-128.6,-122.97
2026-07-21,KOSPI,-16420.51,2951.56,13744.42,599.8
2026-07-22,KOSDAQ,2636.17,-815.25,-1913.66,308.21
2026-07-22,KOSPI,-12176.13,26210.88,-13963.04,-706.17
2026-07-23,KOSDAQ,-2373.12,1674.94,642.92,-100.09
2026-07-23,KOSPI,-22077.07,21358.9,975.51,740.86
2026-07-24,KOSDAQ,4881.34,-1314.97,-3580.44,-798.89
2026-07-24,KOSPI,51782.28,-32683.36,-19514.41,325.77
2026-07-27,KOSDAQ,-1549.89,-1421.97,2731.2,172.05
2026-07-27,KOSPI,19788.39,-28811.11,8595.36,-723.93
2026-07-28,KOSDAQ,480.34,859.89,-1345.25,-280.26
2026-07-28,KOSPI,43151.97,-45008.77,1830.31,1164.82
2026-07-29,KOSDAQ,-4579.38,3081.94,1474.01,-411.25
2026-07-29,KOSPI,-19700.98,-12502.17,31769.45,3380.85
2026-07-30,KOSDAQ,-1107.83,2483.39,-1435.48,-439.22
2026-07-30,KOSPI,-14308.84,13280.1,805.23,3801.91
2026-07-31,KOSDAQ,-4715.17,1696.67,2985.09,738.32
2026-07-31,KOSPI,-82839.98,72409.83,11502.88,1647.15
2026-08-03,KOSDAQ,301.94,-2091.51,1668.68,137.76
2026-08-03,KOSPI,46523.09,-28220.21,-19516.27,-203.86
2026-08-04,KOSDAQ,-2587.01,-2774.76,5437.72,460.19
2026-08-04,KOSPI,8186.62,-3716.1,-5384.62,465.8
2026-08-05,KOSDAQ,3941.42,-2978.75,-1100.71,-83.81
2026-08-05,KOSPI,-11843.96,14463.68,-2837.57,-268.21
2026-08-06,KOSDAQ,862.54,-2481.25,1614.78,40.28
2026-08-06,KOSPI,33366.98,-32892.74,-1214.33,470.79
2026-08-07,KOSDAQ,3401.61,-2522.31,-1044.47,-5.69
2026-08-07,KOSPI,2675.3,-8651.01,5853.73,-1165.81
2026-08-10,KOSDAQ,-6729.26,1026.93,5666.92,822.56
2026-08-10,KOSPI,9002.52,-14908.68,5691.54,-1449.38
2026-08-11,KOSDAQ,4351.39,-3561.81,-954.47,58.77
2026-08-11,KOSPI,-707.59,535.16,212.48,-425.88
2026-08-12,KOSDAQ,3127.43,-1622.61,-1458.88,-187.97
2026-08-12,KOSPI,-31910.76,28353.92,5279.01,-281.11
2026-08-13,KOSDAQ,2565.41,-1362.08,-1132.37,-192.63
2026-08-13,KOSPI,-27410.33,21102.1,6834.11,-640.55
2026-08-14,KOSDAQ,3144.86,-658.63,-2524.23,-82.24
2026-08-14,KOSPI,-19820.3,30387.11,-10298.23,391.02
2026-08-18,KOSDAQ,3904.59,366.19,-4175.71,-195.46
2026-08-18,KOSPI,7419.97,914.04,-7951.37,-805.68
2026-08-19,KOSDAQ,-663.61,147.3,499.5,-37.2
2026-08-19,KOSPI,46356.72,-34725.98,-13389.52,730.75
2026-08-20,KOSDAQ,15.96,-1327.92,1193.97,278.93
2026-08-20,KOSPI,-22712.36,17068.39,-4895.14,-1815.95
2026-08-21,KOSDAQ,6236.15,-2836.56,-3462.16,-455.51
2026-08-21,KOSPI,-11652.44,-1759.62,2480.82,464.02
2026-08-24,KOSDAQ,-2604.46,2416.48,248.99,192.55
2026-08-24,KOSPI,33217.35,-36690.86,-12901.19,44.47
2026-08-25,KOSDAQ,-1374.52,1327.28,155.85,-15.72
2026-08-25,KOSPI,10509.05,-38139.88,11710.83,234.24
2026-08-26,KOSDAQ,1930.81,-917.75,-1054.22,161.1
2026-08-26,KOSPI,-22460.92,-1148.32,7615.15,-339.45
2026-08-27,KOSDAQ,-1751.82,2955.06,-1191.88,127.09
2026-08-27,KOSPI,-19115.75,1332.82,1835.28,-1428.85
2026-08-28,KOSDAQ,978.64,-941.8,-29.68,41.11
2026-08-28,KOSPI,4193.78,-8524.52,-11875.53,-228.58
2026-08-31,KOSDAQ,2530.23,-551.61,-2004.89,-293.57
2026-08-31,KOSPI,-1464.06,-6434.45,-7891.41,-356.76
